label,color,backbone_mutation
SRR6349063,C1,2_113547098_C_G
SRR6349067,C1,2_113547098_C_G
SRR6349069,C1,2_113547098_C_G
SRR6349075,C1,2_113547098_C_G
SRR6349077,C2,2_22478421_A_G
SRR6349070,C3,2_90035452_T_G
SRR6349071,C3,2_90035452_T_G
SRR6349072,C3,2_90035452_T_G
SRR6349073,C3,2_90035452_T_G
SRR6349074,C3,2_90035452_T_G
SRR6349076,C3,2_90035452_T_G
SRR6349078,C3,2_90035452_T_G
SRR6349079,C3,2_90035452_T_G
SRR6349080,C3,2_90035452_T_G
SRR6349082,C3,2_90035452_T_G
SRR6349083,C3,2_90035452_T_G
SRR6349084,C3,2_90035452_T_G
SRR6349085,C3,2_90035452_T_G
SRR6349064,C4,9_76779133_T_G
SRR6349066,C4,9_76779133_T_G
SRR6349068,C4,9_76779133_T_G
SRR6349081,C4,9_76779133_T_G
