ID	chr1:30775458_C>T	chr1:49664418_GT>G	chr1:53301408_T>A	chr11:40223839_G>GT	chr12:55841107_GT>G	chr13:35593448_T>G	chr13:54754211_G>GA	chr17:717206_TA>T	chr19:9734206_G>GT	chr2:177844406_GT>G	chr2:235552139_A>ATG	chr21:16719208_GA>G	chr3:181032100_GA>G	chr4:55987018_C>CGT	chr6:135647703_AT>A	chr8:25976670_A>T	chr9:4259245_T>TTTTATTTA	chr9:9117220_GT>G	chr9:79602437_G>A	chr9:91232109_C>CTTAT	chr9:106306487_CT>C
Imm8	0	0	0	0	0	0	0	0	0	0	0	0	0	0	0	0	0	0	0	0	1
Imm7	0	0	1	0	0	0	0	0	1	0	0	0	0	1	0	0	0	0	0	0	1
Imm6	0	0	1	0	0	0	0	0	1	0	0	0	0	1	0	0	0	0	0	0	1
Imm1	0	0	0	0	0	0	0	0	0	0	0	0	0	0	0	0	0	1	0	0	0
Imm4	0	1	0	0	0	0	0	1	0	0	0	1	0	0	0	0	0	0	0	0	0
Imm3	0	1	0	0	0	0	0	1	0	0	0	1	0	0	0	0	0	0	0	0	0
Imm2	0	0	0	0	0	0	0	0	0	0	0	0	0	0	0	0	0	1	0	0	0
Epi2(T)	0	0	0	0	0	0	0	0	0	0	0	0	0	0	0	0	0	0	0	1	0
Epi5(T)	1	0	0	1	1	1	1	0	0	1	1	0	1	0	1	1	1	0	1	1	0
Epi4(T)	1	0	0	1	1	1	1	0	0	1	1	0	1	0	1	1	1	0	1	1	0
Epi3(T)	1	0	0	1	1	1	1	0	0	1	1	0	1	0	0	0	0	0	1	1	0
PTA-Epi13(T)	0	0	0	0	0	1	0	0	0	1	0	0	0	0	0	0	0	0	1	1	0
PTA-Epi12(T)	1	0	0	1	1	0	1	0	0	1	1	0	1	0	0	0	1	0	1	1	0
